{
    "total_runtime": 6.175688743591309,
    "num_documents": 1,
    "update_documents": 0,
    "input_load_time": 0,
    "workflows": {
        "load_input_documents": {
            "overall": 0.03153204917907715
        },
        "create_base_text_units": {
            "overall": 0.21616148948669434
        },
        "create_final_documents": {
            "overall": 0.047326087951660156
        },
        "extract_graph": {
            "overall": 0.08832001686096191
        },
        "finalize_graph": {
            "overall": 0.0745687484741211
        },
        "extract_covariates": {
            "overall": 0.00099945068359375
        },
        "create_communities": {
            "overall": 0.09299588203430176
        },
        "create_final_text_units": {
            "overall": 0.045371055603027344
        },
        "create_community_reports": {
            "overall": 3.902515172958374
        },
        "generate_text_embeddings": {
            "overall": 1.6713809967041016
        }
    }
}